Time (Sec);S1;S2;S4;S6;S7;S16;S17;S18;S19;S20;S21;S22;S23;S24;S25;S26;S27;S28;
0.0;19160.0;100.0;100.0;100.0;100.0;100.0;100.0;100.0;100.0;100.0;100.0;100.0;100.0;100.0;100.0;100.0;100.0;100.0;
0.12666666666666665;19160.0;99.98284479999998;99.98673439999999;99.98307359999998;99.98307359999998;99.97916799999999;99.98259999999999;99.9830576;99.9828288;99.9828288;99.98259999999999;99.97939679999999;99.97916799999999;99.9862608;99.98259999999999;99.97916799999999;99.98259999999999;99.98259999999999;
0.22666666666666666;19160.0;99.98284479999998;99.98673439999999;99.98307359999998;99.98307359999998;99.97916799999999;99.98259999999999;99.9830576;99.9828288;99.9828288;99.98259999999999;99.97939679999999;99.97916799999999;99.9862608;99.98259999999999;99.97916799999999;99.98259999999999;99.98259999999999;
0.32666666666666666;19160.0;99.98284479999998;99.98673439999999;99.98307359999998;99.98307359999998;99.97916799999999;99.98259999999999;99.9830576;99.9828288;99.9828288;99.98259999999999;99.97939679999999;99.97916799999999;99.9862608;99.98259999999999;99.97916799999999;99.98259999999999;99.98259999999999;
0.42666666666666664;19160.0;99.98284479999998;99.98673439999999;99.98307359999998;99.98307359999998;99.97916799999999;99.98259999999999;99.9830576;99.9828288;99.9828288;99.98259999999999;99.97939679999999;99.97916799999999;99.9862608;99.98259999999999;99.97916799999999;99.98259999999999;99.98259999999999;
0.5266666666666666;19160.0;99.98284479999998;99.98673439999999;99.98307359999998;99.98307359999998;99.97916799999999;99.98259999999999;99.9830576;99.9828288;99.9828288;99.98259999999999;99.97939679999999;99.97916799999999;99.9862608;99.98259999999999;99.97916799999999;99.98259999999999;99.98259999999999;
0.6266666666666666;19160.0;99.98284479999998;99.98673439999999;99.98307359999998;99.98307359999998;99.97916799999999;99.98259999999999;99.9830576;99.9828288;99.9828288;99.98259999999999;99.97939679999999;99.97916799999999;99.9862608;99.98259999999999;99.97916799999999;99.98259999999999;99.98259999999999;
0.7266666666666666;19160.0;99.98284479999998;99.98673439999999;99.98307359999998;99.98307359999998;99.97916799999999;99.98259999999999;99.9830576;99.9828288;99.9828288;99.98259999999999;99.97939679999999;99.97916799999999;99.9862608;99.98259999999999;99.97916799999999;99.98259999999999;99.98259999999999;
0.8266666666666665;19160.0;99.98284479999998;99.98673439999999;99.98307359999998;99.98307359999998;99.97916799999999;99.98259999999999;99.9830576;99.9828288;99.9828288;99.98259999999999;99.97939679999999;99.97916799999999;99.9862608;99.98259999999999;99.97916799999999;99.98259999999999;99.98259999999999;
0.9266666666666665;19160.0;99.98284479999998;99.98673439999999;99.98307359999998;99.98307359999998;99.97916799999999;99.98259999999999;99.9830576;99.9828288;99.9828288;99.98259999999999;99.97939679999999;99.97916799999999;99.9862608;99.98259999999999;99.97916799999999;99.98259999999999;99.98259999999999;
1.0266666666666666;19160.0;99.98284479999998;99.98673439999999;99.98307359999998;99.98307359999998;99.97916799999999;99.98259999999999;99.9830576;99.9828288;99.9828288;99.98259999999999;99.97939679999999;99.97916799999999;99.9862608;99.98259999999999;99.97916799999999;99.98259999999999;99.98259999999999;
1.1266666666666665;19160.0;99.98274479999998;99.98663439999999;99.98297359999998;99.98297359999998;99.97906799999998;99.98249999999999;99.98295759999999;99.98272879999999;99.98272879999999;99.98249999999999;99.97929679999999;99.97906799999998;99.9861608;99.98249999999999;99.97906799999998;99.98249999999999;99.98249999999999;
1.2266666666666666;19160.0;99.98274479999998;99.98663439999999;99.98297359999998;99.98297359999998;99.97906799999998;99.98249999999999;99.98295759999999;99.98272879999999;99.98272879999999;99.98249999999999;99.97929679999999;99.97906799999998;99.9861608;99.98249999999999;99.97906799999998;99.98249999999999;99.98249999999999;
1.3266666666666667;19160.0;99.98274479999998;99.98663439999999;99.98297359999998;99.98297359999998;99.97906799999998;99.98249999999999;99.98295759999999;99.98272879999999;99.98272879999999;99.98249999999999;99.97929679999999;99.97906799999998;99.9861608;99.98249999999999;99.97906799999998;99.98249999999999;99.98249999999999;
1.4266666666666667;19160.0;99.98274479999998;99.98663439999999;99.98297359999998;99.98297359999998;99.97906799999998;99.98249999999999;99.98295759999999;99.98272879999999;99.98272879999999;99.98249999999999;99.97929679999999;99.97906799999998;99.9861608;99.98249999999999;99.97906799999998;99.98249999999999;99.98249999999999;
1.5266666666666668;19160.0;99.98274479999998;99.98663439999999;99.98297359999998;99.98297359999998;99.97906799999998;99.98249999999999;99.98295759999999;99.98272879999999;99.98272879999999;99.98249999999999;99.97929679999999;99.97906799999998;99.9861608;99.98249999999999;99.97906799999998;99.98249999999999;99.98249999999999;
1.626666666666667;19160.0;99.98274479999998;99.98663439999999;99.98297359999998;99.98297359999998;99.97906799999998;99.98249999999999;99.98295759999999;99.98272879999999;99.98272879999999;99.98249999999999;99.97929679999999;99.97906799999998;99.9861608;99.98249999999999;99.97906799999998;99.98249999999999;99.98249999999999;
1.726666666666667;19160.0;99.98274479999998;99.98663439999999;99.98297359999998;99.98297359999998;99.97906799999998;99.98249999999999;99.98295759999999;99.98272879999999;99.98272879999999;99.98249999999999;99.97929679999999;99.97906799999998;99.9861608;99.98249999999999;99.97906799999998;99.98249999999999;99.98249999999999;
1.826666666666667;19160.0;99.98274479999998;99.98663439999999;99.98297359999998;99.98297359999998;99.97906799999998;99.98249999999999;99.98295759999999;99.98272879999999;99.98272879999999;99.98249999999999;99.97929679999999;99.97906799999998;99.9861608;99.98249999999999;99.97906799999998;99.98249999999999;99.98249999999999;
1.9266666666666672;19160.0;99.98274479999998;99.98663439999999;99.98297359999998;99.98297359999998;99.97906799999998;99.98249999999999;99.98295759999999;99.98272879999999;99.98272879999999;99.98249999999999;99.97929679999999;99.97906799999998;99.9861608;99.98249999999999;99.97906799999998;99.98249999999999;99.98249999999999;
2.0266666666666673;19160.0;99.98274479999998;99.98663439999999;99.98297359999998;99.98297359999998;99.97906799999998;99.98249999999999;99.98295759999999;99.98272879999999;99.98272879999999;99.98249999999999;99.97929679999999;99.97906799999998;99.9861608;99.98249999999999;99.97906799999998;99.98249999999999;99.98249999999999;
2.126666666666667;19160.0;99.98264479999997;99.98653439999998;99.98287359999998;99.98287359999998;99.97896799999998;99.98239999999998;99.98285759999999;99.98262879999999;99.98262879999999;99.98239999999998;99.97919679999998;99.97896799999998;99.98606079999999;99.98239999999998;99.97896799999998;99.98239999999998;99.98239999999998;
2.226666666666667;19160.0;99.98264479999997;99.98653439999998;99.98287359999998;99.98287359999998;99.97896799999998;99.98239999999998;99.98285759999999;99.98262879999999;99.98262879999999;99.98239999999998;99.97919679999998;99.97896799999998;99.98606079999999;99.98239999999998;99.97896799999998;99.98239999999998;99.98239999999998;
2.326666666666667;19160.0;99.98264479999997;99.98653439999998;99.98287359999998;99.98287359999998;99.97896799999998;99.98239999999998;99.98285759999999;99.98262879999999;99.98262879999999;99.98239999999998;99.97919679999998;99.97896799999998;99.98606079999999;99.98239999999998;99.97896799999998;99.98239999999998;99.98239999999998;
2.426666666666667;19160.0;99.98264479999997;99.98653439999998;99.98287359999998;99.98287359999998;99.97896799999998;99.98239999999998;99.98285759999999;99.98262879999999;99.98262879999999;99.98239999999998;99.97919679999998;99.97896799999998;99.98606079999999;99.98239999999998;99.97896799999998;99.98239999999998;99.98239999999998;
2.5266666666666673;19160.0;99.98264479999997;99.98653439999998;99.98287359999998;99.98287359999998;99.97896799999998;99.98239999999998;99.98285759999999;99.98262879999999;99.98262879999999;99.98239999999998;99.97919679999998;99.97896799999998;99.98606079999999;99.98239999999998;99.97896799999998;99.98239999999998;99.98239999999998;
2.6266666666666674;19160.0;99.98264479999997;99.98653439999998;99.98287359999998;99.98287359999998;99.97896799999998;99.98239999999998;99.98285759999999;99.98262879999999;99.98262879999999;99.98239999999998;99.97919679999998;99.97896799999998;99.98606079999999;99.98239999999998;99.97896799999998;99.98239999999998;99.98239999999998;
2.7266666666666675;19160.0;99.98264479999997;99.98653439999998;99.98287359999998;99.98287359999998;99.97896799999998;99.98239999999998;99.98285759999999;99.98262879999999;99.98262879999999;99.98239999999998;99.97919679999998;99.97896799999998;99.98606079999999;99.98239999999998;99.97896799999998;99.98239999999998;99.98239999999998;
2.8266666666666675;19160.0;99.98264479999997;99.98653439999998;99.98287359999998;99.98287359999998;99.97896799999998;99.98239999999998;99.98285759999999;99.98262879999999;99.98262879999999;99.98239999999998;99.97919679999998;99.97896799999998;99.98606079999999;99.98239999999998;99.97896799999998;99.98239999999998;99.98239999999998;
2.9266666666666676;19160.0;99.98264479999997;99.98653439999998;99.98287359999998;99.98287359999998;99.97896799999998;99.98239999999998;99.98285759999999;99.98262879999999;99.98262879999999;99.98239999999998;99.97919679999998;99.97896799999998;99.98606079999999;99.98239999999998;99.97896799999998;99.98239999999998;99.98239999999998;
3.0266666666666677;19160.0;99.98264479999997;99.98653439999998;99.98287359999998;99.98287359999998;99.97896799999998;99.98239999999998;99.98285759999999;99.98262879999999;99.98262879999999;99.98239999999998;99.97919679999998;99.97896799999998;99.98606079999999;99.98239999999998;99.97896799999998;99.98239999999998;99.98239999999998;
3.1266666666666674;19160.0;99.98254479999997;99.98653439999998;99.98277359999997;99.98277359999997;99.97886799999998;99.98229999999998;99.98275759999999;99.98252879999998;99.98252879999998;99.98229999999998;99.97909679999998;99.97886799999998;99.98606079999999;99.98229999999998;99.97886799999998;99.98229999999998;99.98229999999998;
3.226666666666667;19160.0;99.98254479999997;99.98643439999998;99.98277359999997;99.98277359999997;99.97886799999998;99.98229999999998;99.98275759999999;99.98252879999998;99.98252879999998;99.98229999999998;99.97909679999998;99.97886799999998;99.98596079999999;99.98229999999998;99.97886799999998;99.98229999999998;99.98229999999998;
3.326666666666667;19160.0;99.98254479999997;99.98643439999998;99.98277359999997;99.98277359999997;99.97886799999998;99.98229999999998;99.98275759999999;99.98252879999998;99.98252879999998;99.98229999999998;99.97909679999998;99.97886799999998;99.98596079999999;99.98229999999998;99.97886799999998;99.98229999999998;99.98229999999998;
3.426666666666667;19160.0;99.98254479999997;99.98643439999998;99.98277359999997;99.98277359999997;99.97886799999998;99.98229999999998;99.98275759999999;99.98252879999998;99.98252879999998;99.98229999999998;99.97909679999998;99.97886799999998;99.98596079999999;99.98229999999998;99.97886799999998;99.98229999999998;99.98229999999998;
3.5266666666666673;19160.0;99.98254479999997;99.98643439999998;99.98277359999997;99.98277359999997;99.97886799999998;99.98229999999998;99.98275759999999;99.98252879999998;99.98252879999998;99.98229999999998;99.97909679999998;99.97886799999998;99.98596079999999;99.98229999999998;99.97886799999998;99.98229999999998;99.98229999999998;
3.6266666666666674;19160.0;99.98254479999997;99.98643439999998;99.98277359999997;99.98277359999997;99.97886799999998;99.98229999999998;99.98275759999999;99.98252879999998;99.98252879999998;99.98229999999998;99.97909679999998;99.97886799999998;99.98596079999999;99.98229999999998;99.97886799999998;99.98229999999998;99.98229999999998;
3.7266666666666675;19160.0;99.98254479999997;99.98643439999998;99.98277359999997;99.98277359999997;99.97886799999998;99.98229999999998;99.98275759999999;99.98252879999998;99.98252879999998;99.98229999999998;99.97909679999998;99.97886799999998;99.98596079999999;99.98229999999998;99.97886799999998;99.98229999999998;99.98229999999998;
3.8266666666666675;19160.0;99.98254479999997;99.98643439999998;99.98277359999997;99.98277359999997;99.97886799999998;99.98229999999998;99.98275759999999;99.98252879999998;99.98252879999998;99.98229999999998;99.97909679999998;99.97886799999998;99.98596079999999;99.98229999999998;99.97886799999998;99.98229999999998;99.98229999999998;
3.9266666666666676;19160.0;99.98254479999997;99.98643439999998;99.98277359999997;99.98277359999997;99.97886799999998;99.98229999999998;99.98275759999999;99.98252879999998;99.98252879999998;99.98229999999998;99.97909679999998;99.97886799999998;99.98596079999999;99.98229999999998;99.97886799999998;99.98229999999998;99.98229999999998;
4.026666666666667;19160.0;99.98254479999997;99.98643439999998;99.98277359999997;99.98277359999997;99.97886799999998;99.98229999999998;99.98275759999999;99.98252879999998;99.98252879999998;99.98229999999998;99.97909679999998;99.97886799999998;99.98596079999999;99.98229999999998;99.97886799999998;99.98229999999998;99.98229999999998;
4.126666666666667;19160.0;99.98254479999997;99.98643439999998;99.98277359999997;99.98277359999997;99.97876799999997;99.98229999999998;99.98275759999999;99.98252879999998;99.98252879999998;99.98229999999998;99.97899679999998;99.97876799999997;99.98596079999999;99.98229999999998;99.97876799999997;99.98229999999998;99.98229999999998;
4.226666666666667;19160.0;99.98244479999997;99.98643439999998;99.98267359999997;99.98267359999997;99.97876799999997;99.98219999999998;99.98265759999998;99.98242879999998;99.98242879999998;99.98219999999998;99.97899679999998;99.97876799999997;99.98596079999999;99.98219999999998;99.97876799999997;99.98219999999998;99.98219999999998;
4.326666666666666;19160.0;99.98244479999997;99.98633439999998;99.98267359999997;99.98267359999997;99.97876799999997;99.98219999999998;99.98265759999998;99.98242879999998;99.98242879999998;99.98219999999998;99.97899679999998;99.97876799999997;99.98586079999998;99.98219999999998;99.97876799999997;99.98219999999998;99.98219999999998;
4.426666666666667;19160.0;99.98244479999997;99.98633439999998;99.98267359999997;99.98267359999997;99.97876799999997;99.98219999999998;99.98265759999998;99.98242879999998;99.98242879999998;99.98219999999998;99.97899679999998;99.97876799999997;99.98586079999998;99.98219999999998;99.97876799999997;99.98219999999998;99.98219999999998;
4.526666666666666;19160.0;99.98244479999997;99.98633439999998;99.98267359999997;99.98267359999997;99.97876799999997;99.98219999999998;99.98265759999998;99.98242879999998;99.98242879999998;99.98219999999998;99.97899679999998;99.97876799999997;99.98586079999998;99.98219999999998;99.97876799999997;99.98219999999998;99.98219999999998;
4.626666666666666;19160.0;99.98244479999997;99.98633439999998;99.98267359999997;99.98267359999997;99.97876799999997;99.98219999999998;99.98265759999998;99.98242879999998;99.98242879999998;99.98219999999998;99.97899679999998;99.97876799999997;99.98586079999998;99.98219999999998;99.97876799999997;99.98219999999998;99.98219999999998;
4.726666666666666;19160.0;99.98244479999997;99.98633439999998;99.98267359999997;99.98267359999997;99.97876799999997;99.98219999999998;99.98265759999998;99.98242879999998;99.98242879999998;99.98219999999998;99.97899679999998;99.97876799999997;99.98586079999998;99.98219999999998;99.97876799999997;99.98219999999998;99.98219999999998;
4.826666666666665;19160.0;99.98244479999997;99.98633439999998;99.98267359999997;99.98267359999997;99.97876799999997;99.98219999999998;99.98265759999998;99.98242879999998;99.98242879999998;99.98219999999998;99.97899679999998;99.97876799999997;99.98586079999998;99.98219999999998;99.97876799999997;99.98219999999998;99.98219999999998;
4.926666666666665;19160.0;99.98244479999997;99.98633439999998;99.98267359999997;99.98267359999997;99.97876799999997;99.98219999999998;99.98265759999998;99.98242879999998;99.98242879999998;99.98219999999998;99.97899679999998;99.97876799999997;99.98586079999998;99.98219999999998;99.97876799999997;99.98219999999998;99.98219999999998;
5.026666666666665;19160.0;99.98244479999997;99.98633439999998;99.98267359999997;99.98267359999997;99.97876799999997;99.98219999999998;99.98265759999998;99.98242879999998;99.98242879999998;99.98219999999998;99.97899679999998;99.97876799999997;99.98586079999998;99.98219999999998;99.97876799999997;99.98219999999998;99.98219999999998;
5.126666666666664;19160.0;99.98244479999997;99.98633439999998;99.98267359999997;99.98267359999997;99.97876799999997;99.98219999999998;99.98265759999998;99.98242879999998;99.98242879999998;99.98219999999998;99.97899679999998;99.97876799999997;99.98586079999998;99.98219999999998;99.97876799999997;99.98219999999998;99.98219999999998;
5.226666666666665;19160.0;99.98244479999997;99.98633439999998;99.98267359999997;99.98267359999997;99.97866799999997;99.98219999999998;99.98265759999998;99.98242879999998;99.98242879999998;99.98219999999998;99.97889679999997;99.97866799999997;99.98586079999998;99.98219999999998;99.97866799999997;99.98219999999998;99.98219999999998;
5.326666666666665;19160.0;99.98234479999996;99.98633439999998;99.98257359999997;99.98257359999997;99.97866799999997;99.98209999999997;99.98255759999998;99.98232879999998;99.98232879999998;99.98209999999997;99.97889679999997;99.97866799999997;99.98586079999998;99.98209999999997;99.97866799999997;99.98209999999997;99.98209999999997;
5.426666666666666;19160.0;99.98234479999996;99.98623439999997;99.98257359999997;99.98257359999997;99.97866799999997;99.98209999999997;99.98255759999998;99.98232879999998;99.98232879999998;99.98209999999997;99.97889679999997;99.97866799999997;99.98576079999998;99.98209999999997;99.97866799999997;99.98209999999997;99.98209999999997;
5.526666666666666;19160.0;99.98234479999996;99.98623439999997;99.98257359999997;99.98257359999997;99.97866799999997;99.98209999999997;99.98255759999998;99.98232879999998;99.98232879999998;99.98209999999997;99.97889679999997;99.97866799999997;99.98576079999998;99.98209999999997;99.97866799999997;99.98209999999997;99.98209999999997;
5.626666666666666;19160.0;99.98234479999996;99.98623439999997;99.98257359999997;99.98257359999997;99.97866799999997;99.98209999999997;99.98255759999998;99.98232879999998;99.98232879999998;99.98209999999997;99.97889679999997;99.97866799999997;99.98576079999998;99.98209999999997;99.97866799999997;99.98209999999997;99.98209999999997;
5.726666666666666;19160.0;99.98234479999996;99.98623439999997;99.98257359999997;99.98257359999997;99.97866799999997;99.98209999999997;99.98255759999998;99.98232879999998;99.98232879999998;99.98209999999997;99.97889679999997;99.97866799999997;99.98576079999998;99.98209999999997;99.97866799999997;99.98209999999997;99.98209999999997;
5.826666666666665;19160.0;99.98234479999996;99.98623439999997;99.98257359999997;99.98257359999997;99.97866799999997;99.98209999999997;99.98255759999998;99.98232879999998;99.98232879999998;99.98209999999997;99.97889679999997;99.97866799999997;99.98576079999998;99.98209999999997;99.97866799999997;99.98209999999997;99.98209999999997;
5.926666666666665;19160.0;99.98234479999996;99.98623439999997;99.98257359999997;99.98257359999997;99.97866799999997;99.98209999999997;99.98255759999998;99.98232879999998;99.98232879999998;99.98209999999997;99.97889679999997;99.97866799999997;99.98576079999998;99.98209999999997;99.97866799999997;99.98209999999997;99.98209999999997;
6.0000000000000036;19160.0;99.98234479999996;99.98623439999997;99.98257359999997;99.98257359999997;99.97866799999997;99.98209999999997;99.98255759999998;99.98232879999998;99.98232879999998;99.98209999999997;99.97889679999997;99.97866799999997;99.98576079999998;99.98209999999997;99.97866799999997;99.98209999999997;99.98209999999997;
6.126666666666664;19160.0;99.98234479999996;99.98623439999997;99.98257359999997;99.98257359999997;99.97866799999997;99.98209999999997;99.98255759999998;99.98232879999998;99.98232879999998;99.98209999999997;99.97889679999997;99.97866799999997;99.98576079999998;99.98209999999997;99.97866799999997;99.98209999999997;99.98209999999997;
6.226666666666664;19160.0;99.98234479999996;99.98623439999997;99.98257359999997;99.98257359999997;99.97866799999997;99.98209999999997;99.98255759999998;99.98232879999998;99.98232879999998;99.98209999999997;99.97889679999997;99.97866799999997;99.98576079999998;99.98209999999997;99.97866799999997;99.98209999999997;99.98209999999997;
6.304575999999998;19160.0;99.98234479999996;99.98623439999997;99.98257359999997;99.97090479999997;99.95441439999996;99.98209999999997;99.98255759999998;99.98232879999998;99.97065999999998;99.98209999999997;99.95464319999996;99.95441439999996;99.98576079999998;99.98209999999997;99.95441439999996;99.98209999999997;99.98209999999997;
6.403486666666666;19160.0;99.98224479999996;99.97456559999998;99.92226879999997;99.89915999999997;99.95441439999996;99.95784639999997;99.95783039999998;99.95807519999997;99.92225279999997;99.95831999999997;99.95464319999996;99.95441439999996;99.98576079999998;99.95784639999997;99.95441439999996;99.95784639999997;99.95784639999997;
6.503486666666666;19160.0;99.98224479999996;99.90329439999998;99.89915999999998;99.89915999999997;99.95441439999996;99.95784639999997;99.95783039999998;99.91058399999997;99.91058399999997;99.95831999999997;99.95464319999996;99.95441439999996;99.96150719999997;99.95784639999997;99.95441439999996;99.95784639999997;99.95784639999997;
6.645970666666666;19160.0;99.98224479999996;99.90329439999998;99.89915999999998;99.89915999999997;99.95441439999996;99.95784639999997;99.95783039999998;99.91058399999997;99.91058399999997;99.95831999999997;99.95464319999996;99.95441439999996;99.96150719999997;99.95784639999997;99.95441439999996;99.95784639999997;99.95784639999997;
6.745970666666666;19160.0;99.98224479999996;99.90329439999998;99.89915999999998;99.89915999999997;99.95441439999996;99.95784639999997;99.95783039999998;99.91058399999997;99.91058399999997;99.95831999999997;99.95464319999996;99.95441439999996;99.96150719999997;99.95784639999997;99.95441439999996;99.95784639999997;99.95784639999997;
6.845970666666665;19160.0;99.98224479999996;99.90329439999998;99.89915999999998;99.89915999999997;99.95441439999996;99.95784639999997;99.95783039999998;99.91058399999997;99.91058399999997;99.95831999999997;99.95464319999996;99.95441439999996;99.96150719999997;99.95784639999997;99.95441439999996;99.95784639999997;99.95784639999997;
6.945970666666665;19160.0;99.98224479999996;99.90329439999998;99.89915999999998;99.89915999999997;99.95441439999996;99.95784639999997;99.95783039999998;99.91058399999997;99.91058399999997;99.95831999999997;99.95464319999996;99.95441439999996;99.96150719999997;99.95784639999997;99.95441439999996;99.95784639999997;99.95784639999997;
7.045970666666665;19160.0;99.98224479999996;99.90329439999998;99.89915999999998;99.89915999999997;99.95441439999996;99.95784639999997;99.95783039999998;99.91058399999997;99.91058399999997;99.95831999999997;99.95464319999996;99.95441439999996;99.96150719999997;99.95784639999997;99.95441439999996;99.95784639999997;99.95784639999997;
7.145970666666664;19160.0;99.98224479999996;99.90329439999998;99.89915999999998;99.89915999999997;99.95441439999996;99.95784639999997;99.95783039999998;99.91058399999997;99.91058399999997;99.95831999999997;99.95464319999996;99.95441439999996;99.96150719999997;99.95784639999997;99.95441439999996;99.95784639999997;99.95784639999997;
7.245970666666664;19160.0;99.98224479999996;99.90329439999998;99.89915999999998;99.89915999999997;99.95441439999996;99.95784639999997;99.95783039999998;99.91058399999997;99.91058399999997;99.95831999999997;99.95464319999996;99.95441439999996;99.96150719999997;99.95784639999997;99.95441439999996;99.95784639999997;99.95784639999997;
7.337429333333331;19160.0;99.98224479999996;99.90329439999998;99.89915999999998;99.89905999999996;99.95431439999996;99.95784639999997;99.95783039999998;99.91058399999997;99.91058399999997;99.95831999999997;99.95464319999996;99.95431439999996;99.96150719999997;99.95784639999997;99.95441439999996;99.95784639999997;99.95784639999997;
7.404575999999999;19160.0;99.98224479999996;99.90329439999998;99.85169999999998;99.81574639999997;99.93016079999995;99.95784639999997;99.95783039999998;99.91058399999997;99.85050799999996;99.95831999999997;99.93038959999996;99.93016079999995;99.96150719999997;99.95784639999997;99.93016079999995;99.95784639999997;99.95784639999997;
7.504575999999998;19160.0;99.98214479999996;99.83202319999998;99.8166936;99.81574639999997;99.93016079999995;99.93359279999996;99.93310319999998;99.86217679999996;99.83883919999997;99.93453999999997;99.93038959999996;99.93016079999995;99.96150719999997;99.93359279999996;99.93016079999995;99.93359279999996;99.93359279999996;
7.603486666666664;19160.0;99.98214479999996;99.82035439999999;99.8166936;99.81574639999997;99.93016079999995;99.93359279999996;99.93310319999998;99.83883919999997;99.83883919999997;99.93453999999997;99.93038959999996;99.93016079999995;99.93725359999996;99.93359279999996;99.93016079999995;99.93359279999996;99.93359279999996;
7.786318666666664;19160.0;99.98214479999996;99.82035439999999;99.8166936;99.81574639999997;99.93016079999995;99.93359279999996;99.93310319999998;99.83883919999997;99.83883919999997;99.93453999999997;99.93038959999996;99.93016079999995;99.93725359999996;99.93359279999996;99.93016079999995;99.93359279999996;99.93359279999996;
7.886318666666663;19160.0;99.98214479999996;99.82035439999999;99.8166936;99.81574639999997;99.93016079999995;99.93359279999996;99.93310319999998;99.83883919999997;99.83883919999997;99.93453999999997;99.93038959999996;99.93016079999995;99.93725359999996;99.93359279999996;99.93016079999995;99.93359279999996;99.93359279999996;
7.986318666666663;19160.0;99.98214479999996;99.82035439999999;99.8166936;99.81574639999997;99.93016079999995;99.93359279999996;99.93310319999998;99.83883919999997;99.83883919999997;99.93453999999997;99.93038959999996;99.93016079999995;99.93725359999996;99.93359279999996;99.93016079999995;99.93359279999996;99.93359279999996;
8.086318666666664;19160.0;99.98214479999996;99.82035439999999;99.8166936;99.81574639999997;99.93016079999995;99.93359279999996;99.93310319999998;99.83883919999997;99.83883919999997;99.93453999999997;99.93038959999996;99.93016079999995;99.93725359999996;99.93359279999996;99.93016079999995;99.93359279999996;99.93359279999996;
8.186318666666663;19160.0;99.98214479999996;99.82035439999999;99.8166936;99.81574639999997;99.93016079999995;99.93359279999996;99.93310319999998;99.83883919999997;99.83883919999997;99.93453999999997;99.93038959999996;99.93016079999995;99.93725359999996;99.93359279999996;99.93016079999995;99.93359279999996;99.93359279999996;
8.286318666666663;19160.0;99.98214479999996;99.82035439999999;99.8166936;99.81574639999997;99.93016079999995;99.93359279999996;99.93310319999998;99.83883919999997;99.83883919999997;99.93453999999997;99.93038959999996;99.93016079999995;99.93725359999996;99.93359279999996;99.93016079999995;99.93359279999996;99.93359279999996;
8.33742933333333;19160.0;99.98214479999996;99.82035439999999;99.8166936;99.81564639999996;99.93016079999995;99.93359279999996;99.93310319999998;99.83883919999997;99.83883919999997;99.93453999999997;99.93038959999996;99.93016079999995;99.93725359999996;99.93359279999996;99.93016079999995;99.93359279999996;99.93359279999996;
8.413159999999996;19160.0;99.98214479999996;99.82035439999999;99.76875999999999;99.74400159999996;99.93016079999995;99.93359279999996;99.93310319999998;99.83873919999996;99.79043199999995;99.93453999999997;99.93038959999996;99.93016079999995;99.93725359999996;99.93359279999996;99.93016079999995;99.93359279999996;99.93359279999996;
8.504575999999993;19160.0;99.98214479999996;99.74908319999999;99.7456512;99.73233279999997;99.90590719999994;99.93359279999996;99.93310319999998;99.79043199999995;99.77876319999996;99.93453999999997;99.90613599999995;99.90590719999994;99.93725359999996;99.93359279999996;99.90590719999994;99.93359279999996;99.93359279999996;
8.604575999999996;19160.0;99.98204479999995;99.74908319999999;99.7337536;99.73233279999997;99.90590719999994;99.90933919999995;99.90837599999998;99.79043199999995;99.76709439999996;99.91075999999997;99.90613599999995;99.90590719999994;99.93725359999996;99.90933919999995;99.90590719999994;99.90933919999995;99.90933919999995;
8.703486666666663;19160.0;99.98204479999995;99.73741439999999;99.7337536;99.73233279999997;99.90590719999994;99.90933919999995;99.90837599999998;99.76709439999996;99.76709439999996;99.91075999999997;99.90613599999995;99.90590719999994;99.91299999999995;99.90933919999995;99.90590719999994;99.90933919999995;99.90933919999995;
8.886318666666662;19160.0;99.98204479999995;99.73741439999999;99.7337536;99.73233279999997;99.90590719999994;99.90933919999995;99.90837599999998;99.76709439999996;99.76709439999996;99.91075999999997;99.90613599999995;99.90590719999994;99.91299999999995;99.90933919999995;99.90590719999994;99.90933919999995;99.90933919999995;
8.986318666666662;19160.0;99.98204479999995;99.73741439999999;99.7337536;99.73233279999997;99.90590719999994;99.90933919999995;99.90837599999998;99.76709439999996;99.76709439999996;99.91075999999997;99.90613599999995;99.90590719999994;99.91299999999995;99.90933919999995;99.90590719999994;99.90933919999995;99.90933919999995;
9.086318666666662;19160.0;99.98204479999995;99.73741439999999;99.7337536;99.73233279999997;99.90590719999994;99.90933919999995;99.90837599999998;99.76709439999996;99.76709439999996;99.91075999999997;99.90613599999995;99.90590719999994;99.91299999999995;99.90933919999995;99.90590719999994;99.90933919999995;99.90933919999995;
9.186318666666661;19160.0;99.98204479999995;99.73741439999999;99.7337536;99.73233279999997;99.90590719999994;99.90933919999995;99.90837599999998;99.76709439999996;99.76709439999996;99.91075999999997;99.90613599999995;99.90590719999994;99.91299999999995;99.90933919999995;99.90590719999994;99.90933919999995;99.90933919999995;
9.286318666666661;19160.0;99.98204479999995;99.73741439999999;99.7337536;99.73233279999997;99.90590719999994;99.90933919999995;99.90837599999998;99.76709439999996;99.76709439999996;99.91075999999997;99.90613599999995;99.90590719999994;99.91299999999995;99.90933919999995;99.90590719999994;99.90933919999995;99.90933919999995;
9.337429333333327;19160.0;99.98204479999995;99.73741439999999;99.7337536;99.73223279999996;99.90590719999994;99.90933919999995;99.90837599999998;99.76709439999996;99.76709439999996;99.91075999999997;99.90613599999995;99.90590719999994;99.91299999999995;99.90933919999995;99.90590719999994;99.90933919999995;99.90933919999995;
9.413159999999994;19160.0;99.98204479999995;99.73741439999999;99.6862936;99.66058799999996;99.90590719999994;99.90933919999995;99.90837599999998;99.76699439999996;99.71868719999995;99.91075999999997;99.90613599999995;99.90590719999994;99.91299999999995;99.90933919999995;99.90590719999994;99.90933919999995;99.90933919999995;
9.537429333333327;19160.0;99.98204479999995;99.6661432;99.66318480000001;99.66058799999996;99.90580719999994;99.90933919999995;99.90837599999998;99.71868719999995;99.71868719999995;99.91075999999997;99.90613599999995;99.90580719999994;99.91299999999995;99.90933919999995;99.90590719999994;99.90933919999995;99.90933919999995;
9.604575999999993;19160.0;99.98204479999995;99.6661432;99.66318480000001;99.64891919999997;99.88165359999994;99.90933919999995;99.90837599999998;99.71868719999995;99.70701839999995;99.91075999999997;99.88188239999994;99.88165359999994;99.91299999999995;99.90933919999995;99.88165359999994;99.90933919999995;99.90933919999995;
9.704575999999994;19160.0;99.98194479999995;99.6661432;99.65128720000001;99.64891919999997;99.88165359999994;99.88508559999994;99.88364879999997;99.71868719999995;99.69534959999996;99.88697999999997;99.88188239999994;99.88165359999994;99.91299999999995;99.88508559999994;99.88165359999994;99.88508559999994;99.88508559999994;
9.803486666666661;19160.0;99.98194479999995;99.6544744;99.65128720000001;99.64891919999997;99.88165359999994;99.88508559999994;99.88364879999997;99.69534959999996;99.69534959999996;99.88697999999997;99.88188239999994;99.88165359999994;99.88874639999995;99.88508559999994;99.88165359999994;99.88508559999994;99.88508559999994;
9.98631866666666;19160.0;99.98194479999995;99.6544744;99.65128720000001;99.64891919999997;99.88165359999994;99.88508559999994;99.88364879999997;99.69534959999996;99.69534959999996;99.88697999999997;99.88188239999994;99.88165359999994;99.88874639999995;99.88508559999994;99.88165359999994;99.88508559999994;99.88508559999994;
10.08631866666666;19160.0;99.98194479999995;99.6544744;99.65128720000001;99.64891919999997;99.88165359999994;99.88508559999994;99.88364879999997;99.69534959999996;99.69534959999996;99.88697999999997;99.88188239999994;99.88165359999994;99.88874639999995;99.88508559999994;99.88165359999994;99.88508559999994;99.88508559999994;
10.18631866666666;19160.0;99.98194479999995;99.6544744;99.65128720000001;99.64891919999997;99.88165359999994;99.88508559999994;99.88364879999997;99.69534959999996;99.69534959999996;99.88697999999997;99.88188239999994;99.88165359999994;99.88874639999995;99.88508559999994;99.88165359999994;99.88508559999994;99.88508559999994;
10.28631866666666;19160.0;99.98194479999995;99.6544744;99.65128720000001;99.64891919999997;99.88165359999994;99.88508559999994;99.88364879999997;99.69534959999996;99.69534959999996;99.88697999999997;99.88188239999994;99.88165359999994;99.88874639999995;99.88508559999994;99.88165359999994;99.88508559999994;99.88508559999994;
10.337429333333326;19160.0;99.98194479999995;99.6544744;99.65128720000001;99.64881919999996;99.88165359999994;99.88508559999994;99.88364879999997;99.69534959999996;99.69534959999996;99.88697999999997;99.88188239999994;99.88165359999994;99.88874639999995;99.88508559999994;99.88165359999994;99.88508559999994;99.88508559999994;
10.413159999999992;19160.0;99.98194479999995;99.6544744;99.60288000000001;99.57717439999996;99.88165359999994;99.88508559999994;99.88364879999997;99.69524959999995;99.64694239999994;99.88697999999997;99.88188239999994;99.88165359999994;99.88874639999995;99.88508559999994;99.88165359999994;99.88508559999994;99.88508559999994;
10.54597066666666;19160.0;99.98194479999995;99.5832032;99.57977120000002;99.57717439999996;99.88165359999994;99.88508559999994;99.88364879999997;99.64694239999994;99.64694239999994;99.88697999999997;99.88188239999994;99.88165359999994;99.88874639999995;99.88508559999994;99.88165359999994;99.88508559999994;99.88508559999994;
10.637429333333326;19160.0;99.98194479999995;99.5832032;99.57977120000002;99.57717439999996;99.88155359999993;99.88508559999994;99.88364879999997;99.64694239999994;99.64694239999994;99.88697999999997;99.88188239999994;99.88155359999993;99.88874639999995;99.88508559999994;99.88165359999994;99.88508559999994;99.88508559999994;
10.704575999999994;19160.0;99.98194479999995;99.5832032;99.57977120000002;99.56550559999997;99.85739999999993;99.88508559999994;99.88364879999997;99.64694239999994;99.63527359999995;99.88697999999997;99.85762879999993;99.85739999999993;99.88874639999995;99.88508559999994;99.85739999999993;99.88508559999994;99.88508559999994;
10.804575999999994;19160.0;99.98184479999995;99.5832032;99.56787360000003;99.56550559999997;99.85739999999993;99.86083199999993;99.85892159999997;99.64694239999994;99.62360479999995;99.86319999999996;99.85762879999993;99.85739999999993;99.88874639999995;99.86083199999993;99.85739999999993;99.86083199999993;99.86083199999993;
10.903486666666659;19160.0;99.98184479999995;99.5715344;99.56787360000003;99.56550559999997;99.85739999999993;99.86083199999993;99.85892159999997;99.62360479999995;99.62360479999995;99.86319999999996;99.85762879999993;99.85739999999993;99.86449279999994;99.86083199999993;99.85739999999993;99.86083199999993;99.86083199999993;
11.086318666666658;19160.0;99.98184479999995;99.5715344;99.56787360000003;99.56550559999997;99.85739999999993;99.86083199999993;99.85892159999997;99.62360479999995;99.62360479999995;99.86319999999996;99.85762879999993;99.85739999999993;99.86449279999994;99.86083199999993;99.85739999999993;99.86083199999993;99.86083199999993;
11.186318666666658;19160.0;99.98184479999995;99.5715344;99.56787360000003;99.56550559999997;99.85739999999993;99.86083199999993;99.85892159999997;99.62360479999995;99.62360479999995;99.86319999999996;99.85762879999993;99.85739999999993;99.86449279999994;99.86083199999993;99.85739999999993;99.86083199999993;99.86083199999993;
11.286318666666658;19160.0;99.98184479999995;99.5715344;99.56787360000003;99.56550559999997;99.85739999999993;99.86083199999993;99.85892159999997;99.62360479999995;99.62360479999995;99.86319999999996;99.85762879999993;99.85739999999993;99.86449279999994;99.86083199999993;99.85739999999993;99.86083199999993;99.86083199999993;
11.337429333333324;19160.0;99.98184479999995;99.5715344;99.56787360000003;99.56540559999996;99.85739999999993;99.86083199999993;99.85892159999997;99.62360479999995;99.62360479999995;99.86319999999996;99.85762879999993;99.85739999999993;99.86449279999994;99.86083199999993;99.85739999999993;99.86083199999993;99.86083199999993;
11.41315999999999;19160.0;99.98184479999995;99.5715344;99.51994000000002;99.49376079999996;99.85739999999993;99.86083199999993;99.85892159999997;99.62350479999995;99.57519759999994;99.86319999999996;99.85762879999993;99.85739999999993;99.86449279999994;99.86083199999993;99.85739999999993;99.86083199999993;99.86083199999993;
11.544881333333322;19160.0;99.98184479999995;99.5002632;99.49683120000003;99.49376079999996;99.85739999999993;99.86083199999993;99.85892159999997;99.57519759999994;99.57519759999994;99.86319999999996;99.85762879999993;99.85739999999993;99.86449279999994;99.86083199999993;99.85739999999993;99.86083199999993;99.86083199999993;
11.644881333333322;19160.0;99.98184479999995;99.5002632;99.49683120000003;99.49376079999996;99.85739999999993;99.86083199999993;99.85892159999997;99.57519759999994;99.57519759999994;99.86319999999996;99.85762879999993;99.85739999999993;99.86449279999994;99.86083199999993;99.85739999999993;99.86083199999993;99.86083199999993;
11.737429333333322;19160.0;99.98184479999995;99.5002632;99.49683120000003;99.49376079999996;99.85729999999992;99.86083199999993;99.85892159999997;99.57519759999994;99.57519759999994;99.86319999999996;99.85762879999993;99.85729999999992;99.86449279999994;99.86083199999993;99.85739999999993;99.86083199999993;99.86083199999993;
11.80457599999999;19160.0;99.98184479999995;99.5002632;99.49683120000003;99.48209199999997;99.83314639999992;99.86083199999993;99.85892159999997;99.57519759999994;99.56352879999994;99.86319999999996;99.83337519999992;99.83314639999992;99.86449279999994;99.86083199999993;99.83314639999992;99.86083199999993;99.86083199999993;
11.90457599999999;19160.0;99.98174479999994;99.5002632;99.48493360000003;99.48209199999997;99.83314639999992;99.83657839999992;99.83419439999997;99.57519759999994;99.55185999999995;99.83941999999996;99.83337519999992;99.83314639999992;99.86449279999994;99.83657839999992;99.83314639999992;99.83657839999992;99.83657839999992;
11.999999999999996;19160.0;99.98174479999994;99.5002632;99.48493360000003;99.48209199999997;99.83314639999992;99.83657839999992;99.83419439999997;99.55185999999995;99.55185999999995;99.83941999999996;99.83337519999992;99.83314639999992;99.84023919999993;99.83657839999992;99.83314639999992;99.83657839999992;99.83657839999992;
12.186318666666654;19160.0;99.98174479999994;99.48859440000001;99.48493360000003;99.48209199999997;99.83314639999992;99.83657839999992;99.83419439999997;99.55185999999995;99.55185999999995;99.83941999999996;99.83337519999992;99.83314639999992;99.84023919999993;99.83657839999992;99.83314639999992;99.83657839999992;99.83657839999992;
12.286318666666654;19160.0;99.98174479999994;99.48859440000001;99.48493360000003;99.48209199999997;99.83314639999992;99.83657839999992;99.83419439999997;99.55185999999995;99.55185999999995;99.83941999999996;99.83337519999992;99.83314639999992;99.84023919999993;99.83657839999992;99.83314639999992;99.83657839999992;99.83657839999992;
12.33742933333332;19160.0;99.98174479999994;99.48859440000001;99.48493360000003;99.48199199999996;99.83314639999992;99.83657839999992;99.83419439999997;99.55185999999995;99.55185999999995;99.83941999999996;99.83337519999992;99.83314639999992;99.84023919999993;99.83657839999992;99.83314639999992;99.83657839999992;99.83657839999992;
12.413159999999987;19160.0;99.98174479999994;99.48859440000001;99.46115360000003;99.44616959999996;99.83314639999992;99.83657839999992;99.83419439999997;99.55175999999994;99.52760639999994;99.83941999999996;99.83337519999992;99.83314639999992;99.84023919999993;99.83657839999992;99.83314639999992;99.83657839999992;99.83657839999992;
12.543791999999987;19160.0;99.98174479999994;99.452672;99.44948480000004;99.44616959999996;99.83314639999992;99.83657839999992;99.83419439999997;99.52760639999994;99.52760639999994;99.83941999999996;99.83337519999992;99.83314639999992;99.84023919999993;99.83657839999992;99.83314639999992;99.83657839999992;99.83657839999992;
12.643791999999987;19160.0;99.98174479999994;99.452672;99.44948480000004;99.44616959999996;99.83314639999992;99.83657839999992;99.83419439999997;99.52760639999994;99.52760639999994;99.83941999999996;99.83337519999992;99.83314639999992;99.84023919999993;99.83657839999992;99.83314639999992;99.83657839999992;99.83657839999992;
12.743791999999987;19160.0;99.98174479999994;99.452672;99.44948480000004;99.44616959999996;99.83314639999992;99.83657839999992;99.83419439999997;99.52760639999994;99.52760639999994;99.83941999999996;99.83337519999992;99.83314639999992;99.84023919999993;99.83657839999992;99.83314639999992;99.83657839999992;99.83657839999992;
12.83742933333332;19160.0;99.98174479999994;99.452672;99.44948480000004;99.44616959999996;99.83304639999992;99.83657839999992;99.83419439999997;99.52760639999994;99.52760639999994;99.83941999999996;99.83337519999992;99.83304639999992;99.84023919999993;99.83657839999992;99.83314639999992;99.83657839999992;99.83657839999992;
12.937429333333318;19160.0;99.98164479999994;99.452672;99.44948480000004;99.44616959999996;99.83304639999992;99.83647839999992;99.83419439999997;99.52760639999994;99.52760639999994;99.83931999999996;99.83327519999992;99.83304639999992;99.84023919999993;99.83657839999992;99.83304639999992;99.83657839999992;99.83657839999992;
13.037429333333316;19160.0;99.98164479999994;99.452672;99.44948480000004;99.44616959999996;99.83304639999992;99.83647839999992;99.83409439999997;99.52760639999994;99.52760639999994;99.83931999999996;99.83327519999992;99.83304639999992;99.84023919999993;99.83647839999992;99.83304639999992;99.83647839999992;99.83647839999992;
13.143791999999983;19160.0;99.98164479999994;99.452672;99.44948480000004;99.44616959999996;99.83304639999992;99.83647839999992;99.83409439999997;99.52760639999994;99.52760639999994;99.83931999999996;99.83327519999992;99.83304639999992;99.84013919999992;99.83647839999992;99.83304639999992;99.83647839999992;99.83647839999992;
13.243791999999983;19160.0;99.98164479999994;99.452672;99.44948480000004;99.44616959999996;99.83304639999992;99.83647839999992;99.83409439999997;99.52760639999994;99.52760639999994;99.83931999999996;99.83327519999992;99.83304639999992;99.84013919999992;99.83647839999992;99.83304639999992;99.83647839999992;99.83647839999992;
13.337429333333317;19160.0;99.98164479999994;99.452672;99.44948480000004;99.44606959999996;99.83304639999992;99.83647839999992;99.83409439999997;99.52760639999994;99.52760639999994;99.83931999999996;99.83327519999992;99.83304639999992;99.84013919999992;99.83647839999992;99.83304639999992;99.83647839999992;99.83647839999992;
13.413159999999982;19160.0;99.98164479999994;99.452672;99.42523120000003;99.41024719999996;99.83304639999992;99.83647839999992;99.83409439999997;99.52750639999994;99.50335279999993;99.83931999999996;99.83327519999992;99.83304639999992;99.84013919999992;99.83647839999992;99.83304639999992;99.83647839999992;99.83647839999992;
13.544881333333315;19160.0;99.98164479999994;99.4167496;99.41356240000003;99.41024719999996;99.83304639999992;99.83647839999992;99.83409439999997;99.50335279999993;99.50335279999993;99.83931999999996;99.83327519999992;99.83304639999992;99.84013919999992;99.83647839999992;99.83304639999992;99.83647839999992;99.83647839999992;
13.644881333333315;19160.0;99.98164479999994;99.4167496;99.41356240000003;99.41024719999996;99.83304639999992;99.83647839999992;99.83409439999997;99.50335279999993;99.50335279999993;99.83931999999996;99.83327519999992;99.83304639999992;99.84013919999992;99.83647839999992;99.83304639999992;99.83647839999992;99.83647839999992;
13.744881333333314;19160.0;99.98164479999994;99.4167496;99.41356240000003;99.41024719999996;99.83304639999992;99.83647839999992;99.83409439999997;99.50335279999993;99.50335279999993;99.83931999999996;99.83327519999992;99.83304639999992;99.84013919999992;99.83647839999992;99.83304639999992;99.83647839999992;99.83647839999992;
13.844881333333314;19160.0;99.98164479999994;99.4167496;99.41356240000003;99.41024719999996;99.83304639999992;99.83647839999992;99.83409439999997;99.50335279999993;99.50335279999993;99.83931999999996;99.83327519999992;99.83304639999992;99.84013919999992;99.83647839999992;99.83304639999992;99.83647839999992;99.83647839999992;
13.937429333333315;19160.0;99.98164479999994;99.4167496;99.41356240000003;99.41024719999996;99.83294639999991;99.83647839999992;99.83409439999997;99.50335279999993;99.50335279999993;99.83931999999996;99.83327519999992;99.83294639999991;99.84013919999992;99.83647839999992;99.83304639999992;99.83647839999992;99.83647839999992;
14.037429333333316;19160.0;99.98154479999994;99.4167496;99.41356240000003;99.41024719999996;99.83294639999991;99.83637839999992;99.83409439999997;99.50335279999993;99.50335279999993;99.83921999999995;99.83317519999991;99.83294639999991;99.84013919999992;99.83647839999992;99.83294639999991;99.83647839999992;99.83647839999992;
14.137429333333316;19160.0;99.98154479999994;99.4167496;99.41356240000003;99.41024719999996;99.83294639999991;99.83637839999992;99.83399439999997;99.50335279999993;99.50335279999993;99.83921999999995;99.83317519999991;99.83294639999991;99.84013919999992;99.83637839999992;99.83294639999991;99.83637839999992;99.83637839999992;
14.244881333333316;19160.0;99.98154479999994;99.4167496;99.41356240000003;99.41024719999996;99.83294639999991;99.83637839999992;99.83399439999997;99.50335279999993;99.50335279999993;99.83921999999995;99.83317519999991;99.83294639999991;99.84003919999992;99.83637839999992;99.83294639999991;99.83637839999992;99.83637839999992;
14.337429333333315;19160.0;99.98154479999994;99.4167496;99.41356240000003;99.41014719999995;99.83294639999991;99.83637839999992;99.83399439999997;99.50335279999993;99.50335279999993;99.83921999999995;99.83317519999991;99.83294639999991;99.84003919999992;99.83637839999992;99.83294639999991;99.83637839999992;99.83637839999992;
14.413159999999982;19160.0;99.98154479999994;99.4167496;99.38883520000003;99.37432479999995;99.83294639999991;99.83637839999992;99.83399439999997;99.50325279999993;99.47909919999992;99.83921999999995;99.83317519999991;99.83294639999991;99.84003919999992;99.83637839999992;99.83294639999991;99.83637839999992;99.83637839999992;
14.54597066666665;19160.0;99.98154479999994;99.3808272;99.37716640000004;99.37432479999995;99.83294639999991;99.83637839999992;99.83399439999997;99.47909919999992;99.47909919999992;99.83921999999995;99.83317519999991;99.83294639999991;99.84003919999992;99.83637839999992;99.83294639999991;99.83637839999992;99.83637839999992;
14.64597066666665;19160.0;99.98154479999994;99.3808272;99.37716640000004;99.37432479999995;99.83294639999991;99.83637839999992;99.83399439999997;99.47909919999992;99.47909919999992;99.83921999999995;99.83317519999991;99.83294639999991;99.84003919999992;99.83637839999992;99.83294639999991;99.83637839999992;99.83637839999992;
14.745970666666649;19160.0;99.98154479999994;99.3808272;99.37716640000004;99.37432479999995;99.83294639999991;99.83637839999992;99.83399439999997;99.47909919999992;99.47909919999992;99.83921999999995;99.83317519999991;99.83294639999991;99.84003919999992;99.83637839999992;99.83294639999991;99.83637839999992;99.83637839999992;
14.845970666666648;19160.0;99.98154479999994;99.3808272;99.37716640000004;99.37432479999995;99.83294639999991;99.83637839999992;99.83399439999997;99.47909919999992;99.47909919999992;99.83921999999995;99.83317519999991;99.83294639999991;99.84003919999992;99.83637839999992;99.83294639999991;99.83637839999992;99.83637839999992;
14.945970666666648;19160.0;99.98154479999994;99.3808272;99.37716640000004;99.37432479999995;99.83294639999991;99.83637839999992;99.83399439999997;99.47909919999992;99.47909919999992;99.83921999999995;99.83317519999991;99.83294639999991;99.84003919999992;99.83637839999992;99.83294639999991;99.83637839999992;99.83637839999992;
15.037429333333314;19160.0;99.98154479999994;99.3808272;99.37716640000004;99.37432479999995;99.83284639999991;99.83637839999992;99.83399439999997;99.47909919999992;99.47909919999992;99.83921999999995;99.83317519999991;99.83284639999991;99.84003919999992;99.83637839999992;99.83294639999991;99.83637839999992;99.83637839999992;
15.137429333333316;19160.0;99.98144479999993;99.3808272;99.37716640000004;99.37432479999995;99.83284639999991;99.83627839999991;99.83399439999997;99.47909919999992;99.47909919999992;99.83911999999995;99.83307519999991;99.83284639999991;99.84003919999992;99.83637839999992;99.83284639999991;99.83637839999992;99.83637839999992;
15.237429333333314;19160.0;99.98144479999993;99.3808272;99.37716640000004;99.37432479999995;99.83284639999991;99.83627839999991;99.83389439999996;99.47909919999992;99.47909919999992;99.83911999999995;99.83307519999991;99.83284639999991;99.84003919999992;99.83627839999991;99.83284639999991;99.83627839999991;99.83627839999991;
15.337429333333311;19160.0;99.98144479999993;99.3808272;99.37716640000004;99.37422479999995;99.83284639999991;99.83627839999991;99.83389439999996;99.47909919999992;99.47909919999992;99.83911999999995;99.83307519999991;99.83284639999991;99.83993919999992;99.83627839999991;99.83284639999991;99.83627839999991;99.83627839999991;
15.413159999999978;19160.0;99.98144479999993;99.3808272;99.35338640000003;99.33840239999995;99.83284639999991;99.83627839999991;99.83389439999996;99.47899919999992;99.45484559999991;99.83911999999995;99.83307519999991;99.83284639999991;99.83993919999992;99.83627839999991;99.83284639999991;99.83627839999991;99.83627839999991;
15.543791999999979;19160.0;99.98144479999993;99.3449048;99.34171760000004;99.33840239999995;99.83284639999991;99.83627839999991;99.83389439999996;99.45484559999991;99.45484559999991;99.83911999999995;99.83307519999991;99.83284639999991;99.83993919999992;99.83627839999991;99.83284639999991;99.83627839999991;99.83627839999991;
15.643791999999978;19160.0;99.98144479999993;99.3449048;99.34171760000004;99.33840239999995;99.83284639999991;99.83627839999991;99.83389439999996;99.45484559999991;99.45484559999991;99.83911999999995;99.83307519999991;99.83284639999991;99.83993919999992;99.83627839999991;99.83284639999991;99.83627839999991;99.83627839999991;
15.743791999999978;19160.0;99.98144479999993;99.3449048;99.34171760000004;99.33840239999995;99.83284639999991;99.83627839999991;99.83389439999996;99.45484559999991;99.45484559999991;99.83911999999995;99.83307519999991;99.83284639999991;99.83993919999992;99.83627839999991;99.83284639999991;99.83627839999991;99.83627839999991;
15.843791999999977;19160.0;99.98144479999993;99.3449048;99.34171760000004;99.33840239999995;99.83284639999991;99.83627839999991;99.83389439999996;99.45484559999991;99.45484559999991;99.83911999999995;99.83307519999991;99.83284639999991;99.83993919999992;99.83627839999991;99.83284639999991;99.83627839999991;99.83627839999991;
15.943791999999977;19160.0;99.98144479999993;99.3449048;99.34171760000004;99.33840239999995;99.83284639999991;99.83627839999991;99.83389439999996;99.45484559999991;99.45484559999991;99.83911999999995;99.83307519999991;99.83284639999991;99.83993919999992;99.83627839999991;99.83284639999991;99.83627839999991;99.83627839999991;
16.04379199999998;19160.0;99.98144479999993;99.3449048;99.34171760000004;99.33840239999995;99.83284639999991;99.83627839999991;99.83389439999996;99.45484559999991;99.45484559999991;99.83911999999995;99.83307519999991;99.83284639999991;99.83993919999992;99.83627839999991;99.83284639999991;99.83627839999991;99.83627839999991;
16.137429333333312;19160.0;99.98144479999993;99.3449048;99.34171760000004;99.33840239999995;99.8327463999999;99.83627839999991;99.83389439999996;99.45484559999991;99.45484559999991;99.83911999999995;99.83307519999991;99.8327463999999;99.83993919999992;99.83627839999991;99.83284639999991;99.83627839999991;99.83627839999991;
16.237429333333314;19160.0;99.98134479999993;99.3449048;99.34171760000004;99.33840239999995;99.8327463999999;99.83617839999991;99.83389439999996;99.45484559999991;99.45484559999991;99.83901999999995;99.83297519999991;99.8327463999999;99.83993919999992;99.83627839999991;99.8327463999999;99.83627839999991;99.83627839999991;
16.33742933333331;19160.0;99.98134479999993;99.3449048;99.34171760000004;99.33840239999995;99.8327463999999;99.83617839999991;99.83379439999996;99.45484559999991;99.45484559999991;99.83901999999995;99.83297519999991;99.8327463999999;99.83993919999992;99.83617839999991;99.8327463999999;99.83617839999991;99.83617839999991;
16.413159999999976;19160.0;99.98134479999993;99.3449048;99.31746400000003;99.30247999999995;99.8327463999999;99.83617839999991;99.83379439999996;99.45474559999991;99.4305919999999;99.83901999999995;99.83297519999991;99.8327463999999;99.83983919999991;99.83617839999991;99.8327463999999;99.83617839999991;99.83617839999991;
16.544881333333308;19160.0;99.98134479999993;99.30898239999999;99.30579520000003;99.30247999999995;99.8327463999999;99.83617839999991;99.83379439999996;99.4305919999999;99.4305919999999;99.83901999999995;99.83297519999991;99.8327463999999;99.83983919999991;99.83617839999991;99.8327463999999;99.83617839999991;99.83617839999991;
16.64488133333331;19160.0;99.98134479999993;99.30898239999999;99.30579520000003;99.30247999999995;99.8327463999999;99.83617839999991;99.83379439999996;99.4305919999999;99.4305919999999;99.83901999999995;99.83297519999991;99.8327463999999;99.83983919999991;99.83617839999991;99.8327463999999;99.83617839999991;99.83617839999991;
16.74488133333331;19160.0;99.98134479999993;99.30898239999999;99.30579520000003;99.30247999999995;99.8327463999999;99.83617839999991;99.83379439999996;99.4305919999999;99.4305919999999;99.83901999999995;99.83297519999991;99.8327463999999;99.83983919999991;99.83617839999991;99.8327463999999;99.83617839999991;99.83617839999991;
16.844881333333312;19160.0;99.98134479999993;99.30898239999999;99.30579520000003;99.30247999999995;99.8327463999999;99.83617839999991;99.83379439999996;99.4305919999999;99.4305919999999;99.83901999999995;99.83297519999991;99.8327463999999;99.83983919999991;99.83617839999991;99.8327463999999;99.83617839999991;99.83617839999991;
16.944881333333313;19160.0;99.98134479999993;99.30898239999999;99.30579520000003;99.30247999999995;99.8327463999999;99.83617839999991;99.83379439999996;99.4305919999999;99.4305919999999;99.83901999999995;99.83297519999991;99.8327463999999;99.83983919999991;99.83617839999991;99.8327463999999;99.83617839999991;99.83617839999991;
17.044881333333315;19160.0;99.98134479999993;99.30898239999999;99.30579520000003;99.30247999999995;99.8327463999999;99.83617839999991;99.83379439999996;99.4305919999999;99.4305919999999;99.83901999999995;99.83297519999991;99.8327463999999;99.83983919999991;99.83617839999991;99.8327463999999;99.83617839999991;99.83617839999991;
17.144881333333316;19160.0;99.98134479999993;99.30898239999999;99.30579520000003;99.30247999999995;99.8327463999999;99.83617839999991;99.83379439999996;99.4305919999999;99.4305919999999;99.83901999999995;99.83297519999991;99.8327463999999;99.83983919999991;99.83617839999991;99.8327463999999;99.83617839999991;99.83617839999991;
17.237429333333317;19160.0;99.98134479999993;99.30898239999999;99.30579520000003;99.30247999999995;99.8326463999999;99.83617839999991;99.83379439999996;99.4305919999999;99.4305919999999;99.83901999999995;99.83297519999991;99.8326463999999;99.83983919999991;99.83617839999991;99.8327463999999;99.83617839999991;99.83617839999991;
17.337429333333315;19160.0;99.98124479999993;99.30898239999999;99.30579520000003;99.30247999999995;99.8326463999999;99.8360783999999;99.83379439999996;99.4305919999999;99.4305919999999;99.83891999999994;99.8328751999999;99.8326463999999;99.83983919999991;99.83617839999991;99.8326463999999;99.83617839999991;99.83617839999991;
17.41315999999998;19160.0;99.98124479999993;99.30898239999999;99.28106800000003;99.26655759999994;99.8326463999999;99.8360783999999;99.83369439999996;99.4304919999999;99.4063383999999;99.83891999999994;99.8328751999999;99.8326463999999;99.83983919999991;99.8360783999999;99.8326463999999;99.8360783999999;99.8360783999999;
17.545970666666644;19160.0;99.98124479999993;99.27305999999999;99.26939920000004;99.26655759999994;99.8326463999999;99.8360783999999;99.83369439999996;99.4063383999999;99.4063383999999;99.83891999999994;99.8328751999999;99.8326463999999;99.83973919999991;99.8360783999999;99.8326463999999;99.8360783999999;99.8360783999999;
17.645970666666642;19160.0;99.98124479999993;99.27305999999999;99.26939920000004;99.26655759999994;99.8326463999999;99.8360783999999;99.83369439999996;99.4063383999999;99.4063383999999;99.83891999999994;99.8328751999999;99.8326463999999;99.83973919999991;99.8360783999999;99.8326463999999;99.8360783999999;99.8360783999999;
17.745970666666643;19160.0;99.98124479999993;99.27305999999999;99.26939920000004;99.26655759999994;99.8326463999999;99.8360783999999;99.83369439999996;99.4063383999999;99.4063383999999;99.83891999999994;99.8328751999999;99.8326463999999;99.83973919999991;99.8360783999999;99.8326463999999;99.8360783999999;99.8360783999999;
17.845970666666645;19160.0;99.98124479999993;99.27305999999999;99.26939920000004;99.26655759999994;99.8326463999999;99.8360783999999;99.83369439999996;99.4063383999999;99.4063383999999;99.83891999999994;99.8328751999999;99.8326463999999;99.83973919999991;99.8360783999999;99.8326463999999;99.8360783999999;99.8360783999999;
17.945970666666646;19160.0;99.98124479999993;99.27305999999999;99.26939920000004;99.26655759999994;99.8326463999999;99.8360783999999;99.83369439999996;99.4063383999999;99.4063383999999;99.83891999999994;99.8328751999999;99.8326463999999;99.83973919999991;99.8360783999999;99.8326463999999;99.8360783999999;99.8360783999999;
17.999999999999986;19160.0;99.98124479999993;99.27305999999999;99.26939920000004;99.26655759999994;99.8326463999999;99.8360783999999;99.83369439999996;99.4063383999999;99.4063383999999;99.83891999999994;99.8328751999999;99.8326463999999;99.83973919999991;99.8360783999999;99.8326463999999;99.8360783999999;99.8360783999999;
18.145970666666646;19160.0;99.98124479999993;99.27305999999999;99.26939920000004;99.26655759999994;99.8326463999999;99.8360783999999;99.83369439999996;99.4063383999999;99.4063383999999;99.83891999999994;99.8328751999999;99.8326463999999;99.83973919999991;99.8360783999999;99.8326463999999;99.8360783999999;99.8360783999999;
18.245970666666647;19160.0;99.98124479999993;99.27305999999999;99.26939920000004;99.26655759999994;99.8326463999999;99.8360783999999;99.83369439999996;99.4063383999999;99.4063383999999;99.83891999999994;99.8328751999999;99.8326463999999;99.83973919999991;99.8360783999999;99.8326463999999;99.8360783999999;99.8360783999999;
18.337429333333315;19160.0;99.98124479999993;99.27305999999999;99.26939920000004;99.26645759999994;99.8325463999999;99.8360783999999;99.83369439999996;99.4063383999999;99.4063383999999;99.83891999999994;99.8328751999999;99.8325463999999;99.83973919999991;99.8360783999999;99.8326463999999;99.8360783999999;99.8360783999999;
18.404575999999977;19160.0;99.98124479999993;99.27305999999999;99.22193920000004;99.21896639999994;99.8083927999999;99.8360783999999;99.83369439999996;99.4063383999999;99.37041599999989;99.83891999999994;99.8086215999999;99.8083927999999;99.83973919999991;99.8360783999999;99.8083927999999;99.8360783999999;99.8360783999999;
18.504575999999968;19160.0;99.95699119999992;99.21345759999998;99.18693280000005;99.20729759999995;99.8083927999999;99.8118247999999;99.80896719999996;99.38208479999989;99.33459359999989;99.81513999999994;99.8086215999999;99.8083927999999;99.83973919999991;99.8118247999999;99.8083927999999;99.8118247999999;99.8118247999999;
18.603486666666633;19160.0;99.95699119999992;99.19012;99.18693280000005;99.20729759999995;99.8083927999999;99.8118247999999;99.80896719999996;99.33459359999989;99.33459359999989;99.81513999999994;99.8086215999999;99.8083927999999;99.8154855999999;99.8118247999999;99.8083927999999;99.8118247999999;99.8118247999999;
18.786318666666634;19160.0;99.95699119999992;99.19012;99.18693280000005;99.20729759999995;99.8083927999999;99.8118247999999;99.80896719999996;99.33459359999989;99.33459359999989;99.81513999999994;99.8086215999999;99.8083927999999;99.8154855999999;99.8118247999999;99.8083927999999;99.8118247999999;99.8118247999999;
18.886318666666636;19160.0;99.95699119999992;99.19012;99.18693280000005;99.20729759999995;99.8083927999999;99.8118247999999;99.80896719999996;99.33459359999989;99.33459359999989;99.81513999999994;99.8086215999999;99.8083927999999;99.8154855999999;99.8118247999999;99.8083927999999;99.8118247999999;99.8118247999999;
18.986318666666637;19160.0;99.95699119999992;99.19012;99.18693280000005;99.20729759999995;99.8083927999999;99.8118247999999;99.80896719999996;99.33459359999989;99.33459359999989;99.81513999999994;99.8086215999999;99.8083927999999;99.8154855999999;99.8118247999999;99.8083927999999;99.8118247999999;99.8118247999999;
19.08631866666664;19160.0;99.95699119999992;99.19012;99.18693280000005;99.20729759999995;99.8083927999999;99.8118247999999;99.80896719999996;99.33459359999989;99.33459359999989;99.81513999999994;99.8086215999999;99.8083927999999;99.8154855999999;99.8118247999999;99.8083927999999;99.8118247999999;99.8118247999999;
19.18631866666664;19160.0;99.95699119999992;99.19012;99.18693280000005;99.20729759999995;99.8083927999999;99.8118247999999;99.80896719999996;99.33459359999989;99.33459359999989;99.81513999999994;99.8086215999999;99.8083927999999;99.8154855999999;99.8118247999999;99.8083927999999;99.8118247999999;99.8118247999999;
19.28631866666664;19160.0;99.95699119999992;99.19012;99.18693280000005;99.20729759999995;99.8083927999999;99.8118247999999;99.80896719999996;99.33459359999989;99.33459359999989;99.81513999999994;99.8086215999999;99.8083927999999;99.8154855999999;99.8118247999999;99.8083927999999;99.8118247999999;99.8118247999999;
19.337429333333308;19160.0;99.95699119999992;99.19012;99.18693280000005;99.20719759999994;99.8083927999999;99.8118247999999;99.80896719999996;99.33459359999989;99.33459359999989;99.81513999999994;99.8086215999999;99.8083927999999;99.8154855999999;99.8118247999999;99.8083927999999;99.8118247999999;99.8118247999999;
19.404575999999974;19160.0;99.95699119999992;99.19012;99.13899920000004;99.18304399999994;99.8083927999999;99.8118247999999;99.80896719999996;99.33459359999989;99.33449359999989;99.81513999999994;99.8086215999999;99.8083927999999;99.8154855999999;99.8118247999999;99.8083927999999;99.8118247999999;99.8118247999999;
19.50457599999997;19160.0;99.95699119999992;99.14218639999999;99.11589040000005;99.14803759999995;99.78413919999988;99.8118247999999;99.80896719999996;99.33459359999989;99.27451759999988;99.81513999999994;99.78436799999989;99.78413919999988;99.8154855999999;99.8118247999999;99.78413919999988;99.8118247999999;99.8118247999999;
19.604575999999966;19160.0;99.93273759999991;99.1188488;99.10399280000006;99.14803759999995;99.78413919999988;99.78757119999989;99.78423999999995;99.28618639999988;99.26284879999989;99.79135999999994;99.78436799999989;99.78413919999988;99.8154855999999;99.78757119999989;99.78413919999988;99.78757119999989;99.78757119999989;
19.703486666666628;19160.0;99.93273759999991;99.10718;99.10399280000006;99.14803759999995;99.78413919999988;99.78757119999989;99.78423999999995;99.26284879999989;99.26284879999989;99.79135999999994;99.78436799999989;99.78413919999988;99.7912319999999;99.78757119999989;99.78413919999988;99.78757119999989;99.78757119999989;
19.88631866666663;19160.0;99.93273759999991;99.10718;99.10399280000006;99.14803759999995;99.78413919999988;99.78757119999989;99.78423999999995;99.26284879999989;99.26284879999989;99.79135999999994;99.78436799999989;99.78413919999988;99.7912319999999;99.78757119999989;99.78413919999988;99.78757119999989;99.78757119999989;
19.98631866666663;19160.0;99.93273759999991;99.10718;99.10399280000006;99.14803759999995;99.78413919999988;99.78757119999989;99.78423999999995;99.26284879999989;99.26284879999989;99.79135999999994;99.78436799999989;99.78413919999988;99.7912319999999;99.78757119999989;99.78413919999988;99.78757119999989;99.78757119999989;
20.08631866666663;19160.0;99.93273759999991;99.10718;99.10399280000006;99.14803759999995;99.78413919999988;99.78757119999989;99.78423999999995;99.26284879999989;99.26284879999989;99.79135999999994;99.78436799999989;99.78413919999988;99.7912319999999;99.78757119999989;99.78413919999988;99.78757119999989;99.78757119999989;
20.186318666666633;19160.0;99.93273759999991;99.10718;99.10399280000006;99.14803759999995;99.78413919999988;99.78757119999989;99.78423999999995;99.26284879999989;99.26284879999989;99.79135999999994;99.78436799999989;99.78413919999988;99.7912319999999;99.78757119999989;99.78413919999988;99.78757119999989;99.78757119999989;
20.286318666666634;19160.0;99.93273759999991;99.10718;99.10399280000006;99.14803759999995;99.78413919999988;99.78757119999989;99.78423999999995;99.26284879999989;99.26284879999989;99.79135999999994;99.78436799999989;99.78413919999988;99.7912319999999;99.78757119999989;99.78413919999988;99.78757119999989;99.78757119999989;
20.3374293333333;19160.0;99.93273759999991;99.10718;99.10399280000006;99.14793759999995;99.78413919999988;99.78757119999989;99.78423999999995;99.26284879999989;99.26284879999989;99.79135999999994;99.78436799999989;99.78413919999988;99.7912319999999;99.78757119999989;99.78413919999988;99.78757119999989;99.78757119999989;
20.404575999999967;19160.0;99.93273759999991;99.10718;99.05558560000006;99.12378399999994;99.78413919999988;99.78757119999989;99.78423999999995;99.26284879999989;99.26274879999988;99.79135999999994;99.78436799999989;99.78413919999988;99.7912319999999;99.78757119999989;99.78413919999988;99.78757119999989;99.78757119999989;
20.513159999999967;19160.0;99.93273759999991;99.05924639999999;99.03247680000007;99.10044639999995;99.78413919999988;99.78757119999989;99.78423999999995;99.26274879999988;99.21444159999987;99.79135999999994;99.78436799999989;99.78413919999988;99.7912319999999;99.78757119999989;99.78413919999988;99.78757119999989;99.78757119999989;
20.604575999999962;19160.0;99.93273759999991;99.0359088;99.03247680000007;99.08877759999996;99.75988559999988;99.78757119999989;99.78423999999995;99.21444159999987;99.20277279999988;99.79135999999994;99.76011439999988;99.75988559999988;99.7912319999999;99.78757119999989;99.75988559999988;99.78757119999989;99.78757119999989;
20.704575999999953;19160.0;99.9084839999999;99.0359088;99.02057920000007;99.08877759999996;99.75988559999988;99.76331759999988;99.75951279999995;99.21444159999987;99.19110399999988;99.76757999999994;99.76011439999988;99.75988559999988;99.7912319999999;99.76331759999988;99.75988559999988;99.76331759999988;99.76331759999988;
20.80348666666661;19160.0;99.9084839999999;99.02424;99.02057920000007;99.08877759999996;99.75988559999988;99.76331759999988;99.75951279999995;99.19110399999988;99.19110399999988;99.76757999999994;99.76011439999988;99.75988559999988;99.76697839999989;99.76331759999988;99.75988559999988;99.76331759999988;99.76331759999988;
20.986318666666612;19160.0;99.9084839999999;99.02424;99.02057920000007;99.08877759999996;99.75988559999988;99.76331759999988;99.75951279999995;99.19110399999988;99.19110399999988;99.76757999999994;99.76011439999988;99.75988559999988;99.76697839999989;99.76331759999988;99.75988559999988;99.76331759999988;99.76331759999988;
21.086318666666614;19160.0;99.9084839999999;99.02424;99.02057920000007;99.08877759999996;99.75988559999988;99.76331759999988;99.75951279999995;99.19110399999988;99.19110399999988;99.76757999999994;99.76011439999988;99.75988559999988;99.76697839999989;99.76331759999988;99.75988559999988;99.76331759999988;99.76331759999988;
21.186318666666615;19160.0;99.9084839999999;99.02424;99.02057920000007;99.08877759999996;99.75988559999988;99.76331759999988;99.75951279999995;99.19110399999988;99.19110399999988;99.76757999999994;99.76011439999988;99.75988559999988;99.76697839999989;99.76331759999988;99.75988559999988;99.76331759999988;99.76331759999988;
21.286318666666617;19160.0;99.9084839999999;99.02424;99.02057920000007;99.08877759999996;99.75988559999988;99.76331759999988;99.75951279999995;99.19110399999988;99.19110399999988;99.76757999999994;99.76011439999988;99.75988559999988;99.76697839999989;99.76331759999988;99.75988559999988;99.76331759999988;99.76331759999988;
21.337429333333283;19160.0;99.9084839999999;99.02424;99.02057920000007;99.08867759999995;99.75988559999988;99.76331759999988;99.75951279999995;99.19110399999988;99.19110399999988;99.76757999999994;99.76011439999988;99.75988559999988;99.76697839999989;99.76331759999988;99.75988559999988;99.76331759999988;99.76331759999988;
21.40457599999995;19160.0;99.9084839999999;99.02424;98.97311920000007;99.06452399999995;99.75988559999988;99.76331759999988;99.75951279999995;99.19110399999988;99.19100399999988;99.76757999999994;99.76011439999988;99.75988559999988;99.76697839999989;99.76331759999988;99.75988559999988;99.76331759999988;99.76331759999988;
21.513159999999953;19160.0;99.9084839999999;98.9763064;98.95001040000008;99.04118639999996;99.75988559999988;99.76331759999988;99.75951279999995;99.19100399999988;99.14269679999987;99.76757999999994;99.76011439999988;99.75988559999988;99.76697839999989;99.76331759999988;99.75988559999988;99.76331759999988;99.76331759999988;
21.637429333333284;19160.0;99.9084839999999;98.95296880000001;98.95001040000008;99.04118639999996;99.75978559999987;99.76331759999988;99.75951279999995;99.14269679999987;99.14269679999987;99.76757999999994;99.76011439999988;99.75978559999987;99.76697839999989;99.76331759999988;99.75988559999988;99.76331759999988;99.76331759999988;
21.70457599999995;19160.0;99.9084839999999;98.95296880000001;98.95001040000008;99.02951759999996;99.73563199999987;99.76331759999988;99.75951279999995;99.14269679999987;99.13102799999987;99.76757999999994;99.73586079999987;99.73563199999987;99.76697839999989;99.76331759999988;99.73563199999987;99.76331759999988;99.76331759999988;
21.80457599999994;19160.0;99.8842303999999;98.95296880000001;98.93811280000008;99.02951759999996;99.73563199999987;99.73906399999987;99.73478559999995;99.14269679999987;99.11935919999988;99.74379999999994;99.73586079999987;99.73563199999987;99.76697839999989;99.73906399999987;99.73563199999987;99.73906399999987;99.73906399999987;
21.903486666666602;19160.0;99.8842303999999;98.94130000000001;98.93811280000008;99.02951759999996;99.73563199999987;99.73906399999987;99.73478559999995;99.11935919999988;99.11935919999988;99.74379999999994;99.73586079999987;99.73563199999987;99.74272479999988;99.73906399999987;99.73563199999987;99.73906399999987;99.73906399999987;
22.086318666666603;19160.0;99.8842303999999;98.94130000000001;98.93811280000008;99.02951759999996;99.73563199999987;99.73906399999987;99.73478559999995;99.11935919999988;99.11935919999988;99.74379999999994;99.73586079999987;99.73563199999987;99.74272479999988;99.73906399999987;99.73563199999987;99.73906399999987;99.73906399999987;
22.186318666666605;19160.0;99.8842303999999;98.94130000000001;98.93811280000008;99.02951759999996;99.73563199999987;99.73906399999987;99.73478559999995;99.11935919999988;99.11935919999988;99.74379999999994;99.73586079999987;99.73563199999987;99.74272479999988;99.73906399999987;99.73563199999987;99.73906399999987;99.73906399999987;
22.286318666666606;19160.0;99.8842303999999;98.94130000000001;98.93811280000008;99.02951759999996;99.73563199999987;99.73906399999987;99.73478559999995;99.11935919999988;99.11935919999988;99.74379999999994;99.73586079999987;99.73563199999987;99.74272479999988;99.73906399999987;99.73563199999987;99.73906399999987;99.73906399999987;
22.337429333333272;19160.0;99.8842303999999;98.94130000000001;98.93811280000008;99.02941759999996;99.73563199999987;99.73906399999987;99.73478559999995;99.11935919999988;99.11935919999988;99.74379999999994;99.73586079999987;99.73563199999987;99.74272479999988;99.73906399999987;99.73563199999987;99.73906399999987;99.73906399999987;
22.40457599999994;19160.0;99.8842303999999;98.94130000000001;98.89017920000008;99.00526399999995;99.73563199999987;99.73906399999987;99.73478559999995;99.11935919999988;99.11925919999987;99.74379999999994;99.73586079999987;99.73563199999987;99.74272479999988;99.73906399999987;99.73563199999987;99.73906399999987;99.73906399999987;
22.51315999999994;19160.0;99.8842303999999;98.8933664;98.86707040000009;98.98192639999996;99.73563199999987;99.73906399999987;99.73478559999995;99.11925919999987;99.07095199999986;99.74379999999994;99.73586079999987;99.73563199999987;99.74272479999988;99.73906399999987;99.73563199999987;99.73906399999987;99.73906399999987;
22.64488133333327;19160.0;99.8842303999999;98.87002880000001;98.86707040000009;98.98192639999996;99.73563199999987;99.73906399999987;99.73478559999995;99.07095199999986;99.07095199999986;99.74379999999994;99.73586079999987;99.73563199999987;99.74272479999988;99.73906399999987;99.73563199999987;99.73906399999987;99.73906399999987;
22.73742933333327;19160.0;99.8842303999999;98.87002880000001;98.86707040000009;98.98192639999996;99.73553199999986;99.73906399999987;99.73478559999995;99.07095199999986;99.07095199999986;99.74379999999994;99.73586079999987;99.73553199999986;99.74272479999988;99.73906399999987;99.73563199999987;99.73906399999987;99.73906399999987;
22.804575999999933;19160.0;99.8842303999999;98.87002880000001;98.86707040000009;98.97025759999997;99.71137839999986;99.73906399999987;99.73478559999995;99.07095199999986;99.05928319999987;99.74379999999994;99.71160719999986;99.71137839999986;99.74272479999988;99.73906399999987;99.71137839999986;99.73906399999987;99.73906399999987;
22.904575999999924;19160.0;99.85997679999988;98.87002880000001;98.85517280000009;98.97025759999997;99.71137839999986;99.71481039999986;99.71005839999995;99.07095199999986;99.04761439999987;99.72001999999993;99.71160719999986;99.71137839999986;99.74272479999988;99.71481039999986;99.71137839999986;99.71481039999986;99.71481039999986;
23.003486666666582;19160.0;99.85997679999988;98.85836000000002;98.85517280000009;98.97025759999997;99.71137839999986;99.71481039999986;99.71005839999995;99.04761439999987;99.04761439999987;99.72001999999993;99.71160719999986;99.71137839999986;99.71847119999987;99.71481039999986;99.71137839999986;99.71481039999986;99.71481039999986;
23.186318666666583;19160.0;99.85997679999988;98.85836000000002;98.85517280000009;98.97025759999997;99.71137839999986;99.71481039999986;99.71005839999995;99.04761439999987;99.04761439999987;99.72001999999993;99.71160719999986;99.71137839999986;99.71847119999987;99.71481039999986;99.71137839999986;99.71481039999986;99.71481039999986;
23.286318666666585;19160.0;99.85997679999988;98.85836000000002;98.85517280000009;98.97025759999997;99.71137839999986;99.71481039999986;99.71005839999995;99.04761439999987;99.04761439999987;99.72001999999993;99.71160719999986;99.71137839999986;99.71847119999987;99.71481039999986;99.71137839999986;99.71481039999986;99.71481039999986;
23.33742933333325;19160.0;99.85997679999988;98.85836000000002;98.85517280000009;98.97015759999996;99.71137839999986;99.71481039999986;99.71005839999995;99.04761439999987;99.04761439999987;99.72001999999993;99.71160719999986;99.71137839999986;99.71847119999987;99.71481039999986;99.71137839999986;99.71481039999986;99.71481039999986;
23.404575999999917;19160.0;99.85997679999988;98.85836000000002;98.80676560000009;98.94600399999996;99.71137839999986;99.71481039999986;99.71005839999995;99.04761439999987;99.04751439999987;99.72001999999993;99.71160719999986;99.71137839999986;99.71847119999987;99.71481039999986;99.71137839999986;99.71481039999986;99.71481039999986;
23.513159999999917;19160.0;99.85997679999988;98.81042640000001;98.7836568000001;98.92266639999997;99.71137839999986;99.71481039999986;99.71005839999995;99.04751439999987;98.99920719999986;99.72001999999993;99.71160719999986;99.71137839999986;99.71847119999987;99.71481039999986;99.71137839999986;99.71481039999986;99.71481039999986;
23.64597066666658;19160.0;99.85997679999988;98.78708880000002;98.7836568000001;98.92266639999997;99.71137839999986;99.71481039999986;99.71005839999995;98.99920719999986;98.99920719999986;99.72001999999993;99.71160719999986;99.71137839999986;99.71847119999987;99.71481039999986;99.71137839999986;99.71481039999986;99.71481039999986;
23.745970666666583;19160.0;99.85997679999988;98.78708880000002;98.7836568000001;98.92266639999997;99.71137839999986;99.71481039999986;99.71005839999995;98.99920719999986;98.99920719999986;99.72001999999993;99.71160719999986;99.71137839999986;99.71847119999987;99.71481039999986;99.71137839999986;99.71481039999986;99.71481039999986;
23.83742933333325;19160.0;99.85997679999988;98.78708880000002;98.7836568000001;98.92266639999997;99.71127839999986;99.71481039999986;99.71005839999995;98.99920719999986;98.99920719999986;99.72001999999993;99.71160719999986;99.71127839999986;99.71847119999987;99.71481039999986;99.71137839999986;99.71481039999986;99.71481039999986;
23.904575999999913;19160.0;99.85997679999988;98.78708880000002;98.7836568000001;98.91099759999997;99.68712479999985;99.71481039999986;99.71005839999995;98.99920719999986;98.98753839999986;99.72001999999993;99.68735359999985;99.68712479999985;99.71847119999987;99.71481039999986;99.68712479999985;99.71481039999986;99.71481039999986;
24.004575999999908;19160.0;99.83572319999988;98.78708880000002;98.7717592000001;98.91099759999997;99.68712479999985;99.69055679999985;99.68533119999995;98.99920719999986;98.97586959999987;99.69623999999993;99.68735359999985;99.68712479999985;99.71847119999987;99.69055679999985;99.68712479999985;99.69055679999985;99.69055679999985;
24.103486666666566;19160.0;99.83572319999988;98.77542000000003;98.7717592000001;98.91099759999997;99.68712479999985;99.69055679999985;99.68533119999995;98.97586959999987;98.97586959999987;99.69623999999993;99.68735359999985;99.68712479999985;99.69421759999986;99.69055679999985;99.68712479999985;99.69055679999985;99.69055679999985;
24.286318666666567;19160.0;99.83572319999988;98.77542000000003;98.7717592000001;98.91099759999997;99.68712479999985;99.69055679999985;99.68533119999995;98.97586959999987;98.97586959999987;99.69623999999993;99.68735359999985;99.68712479999985;99.69421759999986;99.69055679999985;99.68712479999985;99.69055679999985;99.69055679999985;
24.337429333333233;19160.0;99.83572319999988;98.77542000000003;98.7717592000001;98.91089759999997;99.68712479999985;99.69055679999985;99.68533119999995;98.97586959999987;98.97586959999987;99.69623999999993;99.68735359999985;99.68712479999985;99.69421759999986;99.69055679999985;99.68712479999985;99.69055679999985;99.69055679999985;
24.4045759999999;19160.0;99.83572319999988;98.77542000000003;98.7238256000001;98.88674399999996;99.68712479999985;99.69055679999985;99.68533119999995;98.97586959999987;98.97576959999986;99.69623999999993;99.68735359999985;99.68712479999985;99.69421759999986;99.69055679999985;99.68712479999985;99.69055679999985;99.69055679999985;
24.5131599999999;19160.0;99.83572319999988;98.72748640000002;98.70071680000011;98.86340639999997;99.68712479999985;99.69055679999985;99.68533119999995;98.97576959999986;98.92746239999985;99.69623999999993;99.68735359999985;99.68712479999985;99.69421759999986;99.69055679999985;99.68712479999985;99.69055679999985;99.69055679999985;
24.644881333333235;19160.0;99.83572319999988;98.70414880000003;98.70071680000011;98.86340639999997;99.68712479999985;99.69055679999985;99.68533119999995;98.92746239999985;98.92746239999985;99.69623999999993;99.68735359999985;99.68712479999985;99.69421759999986;99.69055679999985;99.68712479999985;99.69055679999985;99.69055679999985;
24.744881333333236;19160.0;99.83572319999988;98.70414880000003;98.70071680000011;98.86340639999997;99.68712479999985;99.69055679999985;99.68533119999995;98.92746239999985;98.92746239999985;99.69623999999993;99.68735359999985;99.68712479999985;99.69421759999986;99.69055679999985;99.68712479999985;99.69055679999985;99.69055679999985;
24.844881333333237;19160.0;99.83572319999988;98.70414880000003;98.70071680000011;98.86340639999997;99.68712479999985;99.69055679999985;99.68533119999995;98.92746239999985;98.92746239999985;99.69623999999993;99.68735359999985;99.68712479999985;99.69421759999986;99.69055679999985;99.68712479999985;99.69055679999985;99.69055679999985;
24.937429333333238;19160.0;99.83572319999988;98.70414880000003;98.70071680000011;98.86340639999997;99.68702479999985;99.69055679999985;99.68533119999995;98.92746239999985;98.92746239999985;99.69623999999993;99.68735359999985;99.68702479999985;99.69421759999986;99.69055679999985;99.68712479999985;99.69055679999985;99.69055679999985;
25.004575999999904;19160.0;99.83572319999988;98.70414880000003;98.70071680000011;98.85173759999998;99.66287119999984;99.69055679999985;99.68533119999995;98.92746239999985;98.91579359999986;99.69623999999993;99.66309999999984;99.66287119999984;99.69421759999986;99.69055679999985;99.66287119999984;99.69055679999985;99.69055679999985;
25.104575999999895;19160.0;99.83562319999987;98.70414880000003;98.68881920000011;98.85173759999998;99.66287119999984;99.66630319999985;99.66060399999995;98.92746239999985;98.90412479999986;99.67245999999993;99.66309999999984;99.66287119999984;99.69421759999986;99.66630319999985;99.66287119999984;99.66630319999985;99.66630319999985;
25.203486666666553;19160.0;99.83562319999987;98.69248000000003;98.68881920000011;98.85173759999998;99.66287119999984;99.66630319999985;99.66060399999995;98.90412479999986;98.90412479999986;99.67245999999993;99.66309999999984;99.66287119999984;99.66996399999985;99.66630319999985;99.66287119999984;99.66630319999985;99.66630319999985;
25.33742933333322;19160.0;99.83562319999987;98.69248000000003;98.68881920000011;98.85163759999998;99.66287119999984;99.66630319999985;99.66060399999995;98.90412479999986;98.90412479999986;99.67245999999993;99.66309999999984;99.66287119999984;99.66996399999985;99.66630319999985;99.66287119999984;99.66630319999985;99.66630319999985;
25.40457599999988;19160.0;99.83562319999987;98.69248000000003;98.6408856000001;98.82748399999997;99.66287119999984;99.66630319999985;99.66060399999995;98.90412479999986;98.90402479999986;99.67245999999993;99.66309999999984;99.66287119999984;99.66996399999985;99.66630319999985;99.66287119999984;99.66630319999985;99.66630319999985;
25.513159999999882;19160.0;99.83562319999987;98.64454640000002;98.61777680000012;98.80414639999998;99.66287119999984;99.66630319999985;99.66060399999995;98.90402479999986;98.85571759999985;99.67245999999993;99.66309999999984;99.66287119999984;99.66996399999985;99.66630319999985;99.66287119999984;99.66630319999985;99.66630319999985;
25.644881333333217;19160.0;99.83562319999987;98.62120880000003;98.61777680000012;98.80414639999998;99.66287119999984;99.66630319999985;99.66060399999995;98.85571759999985;98.85571759999985;99.67245999999993;99.66309999999984;99.66287119999984;99.66996399999985;99.66630319999985;99.66287119999984;99.66630319999985;99.66630319999985;
25.74488133333322;19160.0;99.83562319999987;98.62120880000003;98.61777680000012;98.80414639999998;99.66287119999984;99.66630319999985;99.66060399999995;98.85571759999985;98.85571759999985;99.67245999999993;99.66309999999984;99.66287119999984;99.66996399999985;99.66630319999985;99.66287119999984;99.66630319999985;99.66630319999985;
25.84488133333322;19160.0;99.83562319999987;98.62120880000003;98.61777680000012;98.80414639999998;99.66287119999984;99.66630319999985;99.66060399999995;98.85571759999985;98.85571759999985;99.67245999999993;99.66309999999984;99.66287119999984;99.66996399999985;99.66630319999985;99.66287119999984;99.66630319999985;99.66630319999985;
25.94488133333322;19160.0;99.83562319999987;98.62120880000003;98.61777680000012;98.80414639999998;99.66287119999984;99.66630319999985;99.66060399999995;98.85571759999985;98.85571759999985;99.67245999999993;99.66309999999984;99.66287119999984;99.66996399999985;99.66630319999985;99.66287119999984;99.66630319999985;99.66630319999985;
26.037429333333222;19160.0;99.83562319999987;98.62120880000003;98.61777680000012;98.80414639999998;99.66277119999984;99.66630319999985;99.66060399999995;98.85571759999985;98.85571759999985;99.67245999999993;99.66309999999984;99.66277119999984;99.66996399999985;99.66630319999985;99.66287119999984;99.66630319999985;99.66630319999985;
